"filename", "language", "JSON", "Markdown", "Rust", "YAML", "XML", "TypeScript", "Docker", "HTML", "MS SQL", "Ignore", "Properties", "TypeScript JSX", "CSS", "JavaScript", "JSON with Comments", "comment", "blank", "total"
"/home/tbn/Desktop/pessoa/HTTPS-SETUP.md", "Markdown", 0, 133, 0, 0, 0, 0, 0, 0, 0, 0, 0, 0, 0, 0, 0, 0, 54, 187
"/home/tbn/Desktop/pessoa/README.md", "Markdown", 0, 253, 0, 0, 0, 0, 0, 0, 0, 0, 0, 0, 0, 0, 0, 0, 82, 335
"/home/tbn/Desktop/pessoa/backend/.dockerignore", "Ignore", 0, 0, 0, 0, 0, 0, 0, 0, 0, 3, 0, 0, 0, 0, 0, 2, 0, 5
"/home/tbn/Desktop/pessoa/backend/.sqlx/.sqlx/query-024585112b4ffa9899e0df67c926f2170d10cb1e3290b4ae6be530817aba0a10.json", "JSON", 18, 0, 0, 0, 0, 0, 0, 0, 0, 0, 0, 0, 0, 0, 0, 0, 1, 19
"/home/tbn/Desktop/pessoa/backend/.sqlx/.sqlx/query-15a11a2eed227ed918e5c6d17654c9c0ca153a7006214e5b5650b986113aa533.json", "JSON", 44, 0, 0, 0, 0, 0, 0, 0, 0, 0, 0, 0, 0, 0, 0, 0, 1, 45
"/home/tbn/Desktop/pessoa/backend/.sqlx/.sqlx/query-3ad5e76a5e4805ebd8598b9d9cbe94590987abc443a952747c1828686d388527.json", "JSON", 55, 0, 0, 0, 0, 0, 0, 0, 0, 0, 0, 0, 0, 0, 0, 0, 1, 56
"/home/tbn/Desktop/pessoa/backend/.sqlx/.sqlx/query-3c8e6ddf7e7c7edcdf3daa45ca7a53e2a7109448efb47fe9e92d95a074eff1ae.json", "JSON", 47, 0, 0, 0, 0, 0, 0, 0, 0, 0, 0, 0, 0, 0, 0, 0, 1, 48
"/home/tbn/Desktop/pessoa/backend/.sqlx/.sqlx/query-3d1b069f671c32bfb7f55e91922be8469063e2d26fab97568d1241006da17f06.json", "JSON", 14, 0, 0, 0, 0, 0, 0, 0, 0, 0, 0, 0, 0, 0, 0, 0, 1, 15
"/home/tbn/Desktop/pessoa/backend/.sqlx/.sqlx/query-5f121bd824a2de3f256051566157a7e595746d511d3f78c4ebf00d1970d99d7b.json", "JSON", 23, 0, 0, 0, 0, 0, 0, 0, 0, 0, 0, 0, 0, 0, 0, 0, 1, 24
"/home/tbn/Desktop/pessoa/backend/.sqlx/.sqlx/query-606364c79e0990deb07dfbe6c32b3d302d083ec5333f3a5ce04113c38a041100.json", "JSON", 52, 0, 0, 0, 0, 0, 0, 0, 0, 0, 0, 0, 0, 0, 0, 0, 1, 53
"/home/tbn/Desktop/pessoa/backend/.sqlx/.sqlx/query-6a89f28f7d66eecea7cf2c3992f1dbaef784a2263161f86a74cb51a60a942aee.json", "JSON", 46, 0, 0, 0, 0, 0, 0, 0, 0, 0, 0, 0, 0, 0, 0, 0, 1, 47
"/home/tbn/Desktop/pessoa/backend/.sqlx/.sqlx/query-72486920161fe03541a29e67953ea0349489057e4bc887746dd0582c85fc6f27.json", "JSON", 58, 0, 0, 0, 0, 0, 0, 0, 0, 0, 0, 0, 0, 0, 0, 0, 1, 59
"/home/tbn/Desktop/pessoa/backend/.sqlx/.sqlx/query-736799aae1d3a2c182eff67a4b9ff6bdd8fcb669fa8b298ea5ee3daeea0f4b3f.json", "JSON", 15, 0, 0, 0, 0, 0, 0, 0, 0, 0, 0, 0, 0, 0, 0, 0, 1, 16
"/home/tbn/Desktop/pessoa/backend/.sqlx/.sqlx/query-7e2dca3e9ad54924a25a20e6777369b90edc564bbc711dc3e6f2115dd9e3f428.json", "JSON", 19, 0, 0, 0, 0, 0, 0, 0, 0, 0, 0, 0, 0, 0, 0, 0, 1, 20
"/home/tbn/Desktop/pessoa/backend/.sqlx/.sqlx/query-8cf1c9b1ad8da158dc91876d1a3d3380fda3174827c6b5ae4ddd660d4d3c98cc.json", "JSON", 49, 0, 0, 0, 0, 0, 0, 0, 0, 0, 0, 0, 0, 0, 0, 0, 1, 50
"/home/tbn/Desktop/pessoa/backend/.sqlx/.sqlx/query-a464e88495b538255db9c30adbeb51ae416b0dbd1edefd8852258d8708b6bebc.json", "JSON", 15, 0, 0, 0, 0, 0, 0, 0, 0, 0, 0, 0, 0, 0, 0, 0, 1, 16
"/home/tbn/Desktop/pessoa/backend/.sqlx/.sqlx/query-acad2219423d25e6719145f5dc1b008418cd21afd7252448a5c3078b7b704365.json", "JSON", 46, 0, 0, 0, 0, 0, 0, 0, 0, 0, 0, 0, 0, 0, 0, 0, 1, 47
"/home/tbn/Desktop/pessoa/backend/.sqlx/.sqlx/query-af56253c829c5e43f0c2ecd9de035665bdb2224889dd14fc16df56798572d81f.json", "JSON", 52, 0, 0, 0, 0, 0, 0, 0, 0, 0, 0, 0, 0, 0, 0, 0, 1, 53
"/home/tbn/Desktop/pessoa/backend/.sqlx/.sqlx/query-bc741ef166e44c3210d0e1a6c5ddac67aefadc288bcb7ef45392d729a3060947.json", "JSON", 22, 0, 0, 0, 0, 0, 0, 0, 0, 0, 0, 0, 0, 0, 0, 0, 1, 23
"/home/tbn/Desktop/pessoa/backend/.sqlx/.sqlx/query-c46de91d7970b922373a9d8d24b8354ec87949fc8be9461ce40cc41a23046d1a.json", "JSON", 47, 0, 0, 0, 0, 0, 0, 0, 0, 0, 0, 0, 0, 0, 0, 0, 1, 48
"/home/tbn/Desktop/pessoa/backend/.sqlx/.sqlx/query-dc9246b9c339bd384630b6376c625ed0347c4d8c9d37af615276a5ac8331e51e.json", "JSON", 50, 0, 0, 0, 0, 0, 0, 0, 0, 0, 0, 0, 0, 0, 0, 0, 1, 51
"/home/tbn/Desktop/pessoa/backend/.sqlx/.sqlx/query-e5351f3db9d0894f44e978b475b0c06c56ce05ae6fe1e94cf6d940938d8d5edd.json", "JSON", 41, 0, 0, 0, 0, 0, 0, 0, 0, 0, 0, 0, 0, 0, 0, 0, 1, 42
"/home/tbn/Desktop/pessoa/backend/.sqlx/.sqlx/query-fc06402a72d3506fff73f75fdd3405c2c905e8cc9b87ff4f9b97174019f8e685.json", "JSON", 46, 0, 0, 0, 0, 0, 0, 0, 0, 0, 0, 0, 0, 0, 0, 0, 1, 47
"/home/tbn/Desktop/pessoa/backend/.sqlx/query-024585112b4ffa9899e0df67c926f2170d10cb1e3290b4ae6be530817aba0a10.json", "JSON", 18, 0, 0, 0, 0, 0, 0, 0, 0, 0, 0, 0, 0, 0, 0, 0, 1, 19
"/home/tbn/Desktop/pessoa/backend/.sqlx/query-036c876059b8141f1bdcf43b3eeb5f6ad7ba8d081896170d5310406de7092a44.json", "JSON", 53, 0, 0, 0, 0, 0, 0, 0, 0, 0, 0, 0, 0, 0, 0, 0, 1, 54
"/home/tbn/Desktop/pessoa/backend/.sqlx/query-312aac2ddea2a3940f8462e822404cef3ac210a7e576e1d5b0c44b2e2030c3ee.json", "JSON", 52, 0, 0, 0, 0, 0, 0, 0, 0, 0, 0, 0, 0, 0, 0, 0, 1, 53
"/home/tbn/Desktop/pessoa/backend/.sqlx/query-3ad5e76a5e4805ebd8598b9d9cbe94590987abc443a952747c1828686d388527.json", "JSON", 55, 0, 0, 0, 0, 0, 0, 0, 0, 0, 0, 0, 0, 0, 0, 0, 1, 56
"/home/tbn/Desktop/pessoa/backend/.sqlx/query-3d1b069f671c32bfb7f55e91922be8469063e2d26fab97568d1241006da17f06.json", "JSON", 14, 0, 0, 0, 0, 0, 0, 0, 0, 0, 0, 0, 0, 0, 0, 0, 1, 15
"/home/tbn/Desktop/pessoa/backend/.sqlx/query-5b7f503a1e52f23ffbe676db4556c226c418861abd70fb64faae7928e0c9c2b3.json", "JSON", 50, 0, 0, 0, 0, 0, 0, 0, 0, 0, 0, 0, 0, 0, 0, 0, 1, 51
"/home/tbn/Desktop/pessoa/backend/.sqlx/query-5f121bd824a2de3f256051566157a7e595746d511d3f78c4ebf00d1970d99d7b.json", "JSON", 23, 0, 0, 0, 0, 0, 0, 0, 0, 0, 0, 0, 0, 0, 0, 0, 1, 24
"/home/tbn/Desktop/pessoa/backend/.sqlx/query-606364c79e0990deb07dfbe6c32b3d302d083ec5333f3a5ce04113c38a041100.json", "JSON", 52, 0, 0, 0, 0, 0, 0, 0, 0, 0, 0, 0, 0, 0, 0, 0, 1, 53
"/home/tbn/Desktop/pessoa/backend/.sqlx/query-72486920161fe03541a29e67953ea0349489057e4bc887746dd0582c85fc6f27.json", "JSON", 58, 0, 0, 0, 0, 0, 0, 0, 0, 0, 0, 0, 0, 0, 0, 0, 1, 59
"/home/tbn/Desktop/pessoa/backend/.sqlx/query-734fcf01495d017e3b0b3c6a045dd154d12e4badf227b57ac000184dc859239c.json", "JSON", 57, 0, 0, 0, 0, 0, 0, 0, 0, 0, 0, 0, 0, 0, 0, 0, 1, 58
"/home/tbn/Desktop/pessoa/backend/.sqlx/query-736799aae1d3a2c182eff67a4b9ff6bdd8fcb669fa8b298ea5ee3daeea0f4b3f.json", "JSON", 15, 0, 0, 0, 0, 0, 0, 0, 0, 0, 0, 0, 0, 0, 0, 0, 1, 16
"/home/tbn/Desktop/pessoa/backend/.sqlx/query-783f16def566d994dffbfa028dfb27f500b4168317351106a3da38ec127b2b0d.json", "JSON", 15, 0, 0, 0, 0, 0, 0, 0, 0, 0, 0, 0, 0, 0, 0, 0, 1, 16
"/home/tbn/Desktop/pessoa/backend/.sqlx/query-7e2dca3e9ad54924a25a20e6777369b90edc564bbc711dc3e6f2115dd9e3f428.json", "JSON", 19, 0, 0, 0, 0, 0, 0, 0, 0, 0, 0, 0, 0, 0, 0, 0, 1, 20
"/home/tbn/Desktop/pessoa/backend/.sqlx/query-91e2e7d73d8340fab498316ea51b1603128359c69b8c6743faf614519e3f2504.json", "JSON", 52, 0, 0, 0, 0, 0, 0, 0, 0, 0, 0, 0, 0, 0, 0, 0, 1, 53
"/home/tbn/Desktop/pessoa/backend/.sqlx/query-a464e88495b538255db9c30adbeb51ae416b0dbd1edefd8852258d8708b6bebc.json", "JSON", 15, 0, 0, 0, 0, 0, 0, 0, 0, 0, 0, 0, 0, 0, 0, 0, 1, 16
"/home/tbn/Desktop/pessoa/backend/.sqlx/query-af56253c829c5e43f0c2ecd9de035665bdb2224889dd14fc16df56798572d81f.json", "JSON", 52, 0, 0, 0, 0, 0, 0, 0, 0, 0, 0, 0, 0, 0, 0, 0, 1, 53
"/home/tbn/Desktop/pessoa/backend/.sqlx/query-bc741ef166e44c3210d0e1a6c5ddac67aefadc288bcb7ef45392d729a3060947.json", "JSON", 22, 0, 0, 0, 0, 0, 0, 0, 0, 0, 0, 0, 0, 0, 0, 0, 1, 23
"/home/tbn/Desktop/pessoa/backend/.sqlx/query-c1c4e0f25d08fcdbbbe903c4441602f942e7739b3a3ee2b39e0f78575d715ef5.json", "JSON", 50, 0, 0, 0, 0, 0, 0, 0, 0, 0, 0, 0, 0, 0, 0, 0, 1, 51
"/home/tbn/Desktop/pessoa/backend/.sqlx/query-cc546479b0f8249accc77e03c4fcde03cc0f31f2798c6c0596f96aab3f46df61.json", "JSON", 53, 0, 0, 0, 0, 0, 0, 0, 0, 0, 0, 0, 0, 0, 0, 0, 1, 54
"/home/tbn/Desktop/pessoa/backend/.sqlx/query-de6cca410c6df0055f69bfd6fac3467416337a2fa7ef08e20db6d16635e5d976.json", "JSON", 50, 0, 0, 0, 0, 0, 0, 0, 0, 0, 0, 0, 0, 0, 0, 0, 1, 51
"/home/tbn/Desktop/pessoa/backend/.sqlx/query-e5351f3db9d0894f44e978b475b0c06c56ce05ae6fe1e94cf6d940938d8d5edd.json", "JSON", 41, 0, 0, 0, 0, 0, 0, 0, 0, 0, 0, 0, 0, 0, 0, 0, 1, 42
"/home/tbn/Desktop/pessoa/backend/.sqlx/query-fc06402a72d3506fff73f75fdd3405c2c905e8cc9b87ff4f9b97174019f8e685.json", "JSON", 46, 0, 0, 0, 0, 0, 0, 0, 0, 0, 0, 0, 0, 0, 0, 0, 1, 47
"/home/tbn/Desktop/pessoa/backend/Dockerfile", "Docker", 0, 0, 0, 0, 0, 0, 67, 0, 0, 0, 0, 0, 0, 0, 0, 34, 23, 124
"/home/tbn/Desktop/pessoa/backend/migrations/0001_create_tables.sql", "MS SQL", 0, 0, 0, 0, 0, 0, 0, 0, 34, 0, 0, 0, 0, 0, 0, 6, 5, 45
"/home/tbn/Desktop/pessoa/backend/migrations/20250101000001_add_username_role_to_users.sql", "MS SQL", 0, 0, 0, 0, 0, 0, 0, 0, 2, 0, 0, 0, 0, 0, 0, 7, 3, 12
"/home/tbn/Desktop/pessoa/backend/migrations/20250117000000_add_script_sharing.sql", "MS SQL", 0, 0, 0, 0, 0, 0, 0, 0, 13, 0, 0, 0, 0, 0, 0, 3, 2, 18
"/home/tbn/Desktop/pessoa/backend/migrations/20250118000000_add_thumbnail_to_scripts.sql", "MS SQL", 0, 0, 0, 0, 0, 0, 0, 0, 2, 0, 0, 0, 0, 0, 0, 2, 1, 5
"/home/tbn/Desktop/pessoa/backend/migrations/20250128000000_create_script_layouts_table.sql", "MS SQL", 0, 0, 0, 0, 0, 0, 0, 0, 46, 0, 0, 0, 0, 0, 0, 3, 2, 51
"/home/tbn/Desktop/pessoa/backend/migrations/20250503174857_make_blocks_script_id_not_null.sql", "MS SQL", 0, 0, 0, 0, 0, 0, 0, 0, 2, 0, 0, 0, 0, 0, 0, 3, 3, 8
"/home/tbn/Desktop/pessoa/backend/migrations/20250506002947_add_dev_user.sql", "MS SQL", 0, 0, 0, 0, 0, 0, 0, 0, 8, 0, 0, 0, 0, 0, 0, 2, 1, 11
"/home/tbn/Desktop/pessoa/backend/migrations/20250507000000_create_yjs_document_updates_table.sql", "MS SQL", 0, 0, 0, 0, 0, 0, 0, 0, 8, 0, 0, 0, 0, 0, 0, 1, 1, 10
"/home/tbn/Desktop/pessoa/backend/migrations/20250507000001_create_script_snapshots_meta_table.sql", "MS SQL", 0, 0, 0, 0, 0, 0, 0, 0, 5, 0, 0, 0, 0, 0, 0, 1, 0, 6
"/home/tbn/Desktop/pessoa/backend/migrations/20250514160000_add_block_order_to_blocks.sql", "MS SQL", 0, 0, 0, 0, 0, 0, 0, 0, 2, 0, 0, 0, 0, 0, 0, 8, 0, 10
"/home/tbn/Desktop/pessoa/backend/migrations/20250514160500_add_metadata_to_blocks.sql", "MS SQL", 0, 0, 0, 0, 0, 0, 0, 0, 2, 0, 0, 0, 0, 0, 0, 1, 0, 3
"/home/tbn/Desktop/pessoa/backend/migrations/20250514161500_add_user_id_to_yjs_document_updates.sql", "MS SQL", 0, 0, 0, 0, 0, 0, 0, 0, 3, 0, 0, 0, 0, 0, 0, 5, 1, 9
"/home/tbn/Desktop/pessoa/backend/scripts/hash_password.rs", "Rust", 0, 0, 23, 0, 0, 0, 0, 0, 0, 0, 0, 0, 0, 0, 0, 1, 3, 27
"/home/tbn/Desktop/pessoa/backend/src/analysis/errors.rs", "Rust", 0, 0, 10, 0, 0, 0, 0, 0, 0, 0, 0, 0, 0, 0, 0, 1, 1, 12
"/home/tbn/Desktop/pessoa/backend/src/analysis/mod.rs", "Rust", 0, 0, 3, 0, 0, 0, 0, 0, 0, 0, 0, 0, 0, 0, 0, 5, 1, 9
"/home/tbn/Desktop/pessoa/backend/src/analysis/parser.rs", "Rust", 0, 0, 23, 0, 0, 0, 0, 0, 0, 0, 0, 0, 0, 0, 0, 64, 6, 93
"/home/tbn/Desktop/pessoa/backend/src/analysis/structs.rs", "Rust", 0, 0, 83, 0, 0, 0, 0, 0, 0, 0, 0, 0, 0, 0, 0, 19, 17, 119
"/home/tbn/Desktop/pessoa/backend/src/api/auth.rs", "Rust", 0, 0, 40, 0, 0, 0, 0, 0, 0, 0, 0, 0, 0, 0, 0, 1, 6, 47
"/home/tbn/Desktop/pessoa/backend/src/api/mod.rs", "Rust", 0, 0, 3, 0, 0, 0, 0, 0, 0, 0, 0, 0, 0, 0, 0, 4, 1, 8
"/home/tbn/Desktop/pessoa/backend/src/api/scripts.rs", "Rust", 0, 0, 83, 0, 0, 0, 0, 0, 0, 0, 0, 0, 0, 0, 0, 0, 8, 91
"/home/tbn/Desktop/pessoa/backend/src/api/ws.rs", "Rust", 0, 0, 108, 0, 0, 0, 0, 0, 0, 0, 0, 0, 0, 0, 0, 3, 14, 125
"/home/tbn/Desktop/pessoa/backend/src/async_db_writer.rs", "Rust", 0, 0, 44, 0, 0, 0, 0, 0, 0, 0, 0, 0, 0, 0, 0, 3, 4, 51
"/home/tbn/Desktop/pessoa/backend/src/auth.rs", "Rust", 0, 0, 236, 0, 0, 0, 0, 0, 0, 0, 0, 0, 0, 0, 0, 118, 44, 398
"/home/tbn/Desktop/pessoa/backend/src/error.rs", "Rust", 0, 0, 130, 0, 0, 0, 0, 0, 0, 0, 0, 0, 0, 0, 0, 23, 12, 165
"/home/tbn/Desktop/pessoa/backend/src/gemini_api.rs", "Rust", 0, 0, 276, 0, 0, 0, 0, 0, 0, 0, 0, 0, 0, 0, 0, 47, 39, 362
"/home/tbn/Desktop/pessoa/backend/src/handlers/mod.rs", "Rust", 0, 0, 1, 0, 0, 0, 0, 0, 0, 0, 0, 0, 0, 0, 0, 4, 1, 6
"/home/tbn/Desktop/pessoa/backend/src/handlers/script_handlers.rs", "Rust", 0, 0, 281, 0, 0, 0, 0, 0, 0, 0, 0, 0, 0, 0, 0, 119, 44, 444
"/home/tbn/Desktop/pessoa/backend/src/lib.rs", "Rust", 0, 0, 486, 0, 0, 0, 0, 0, 0, 0, 0, 0, 0, 0, 0, 218, 77, 781
"/home/tbn/Desktop/pessoa/backend/src/lib_test.rs", "Rust", 0, 0, 8, 0, 0, 0, 0, 0, 0, 0, 0, 0, 0, 0, 0, 1, 1, 10
"/home/tbn/Desktop/pessoa/backend/src/main.rs", "Rust", 0, 0, 374, 0, 0, 0, 0, 0, 0, 0, 0, 0, 0, 0, 0, 169, 61, 604
"/home/tbn/Desktop/pessoa/backend/src/models/block.rs", "Rust", 0, 0, 13, 0, 0, 0, 0, 0, 0, 0, 0, 0, 0, 0, 0, 10, 1, 24
"/home/tbn/Desktop/pessoa/backend/src/models/edit.rs", "Rust", 0, 0, 12, 0, 0, 0, 0, 0, 0, 0, 0, 0, 0, 0, 0, 9, 1, 22
"/home/tbn/Desktop/pessoa/backend/src/models/mod.rs", "Rust", 0, 0, 8, 0, 0, 0, 0, 0, 0, 0, 0, 0, 0, 0, 0, 4, 0, 12
"/home/tbn/Desktop/pessoa/backend/src/models/script.rs", "Rust", 0, 0, 14, 0, 0, 0, 0, 0, 0, 0, 0, 0, 0, 0, 0, 10, 1, 25
"/home/tbn/Desktop/pessoa/backend/src/models/script_layout.rs", "Rust", 0, 0, 31, 0, 0, 0, 0, 0, 0, 0, 0, 0, 0, 0, 0, 16, 3, 50
"/home/tbn/Desktop/pessoa/backend/src/models/script_share.rs", "Rust", 0, 0, 32, 0, 0, 0, 0, 0, 0, 0, 0, 0, 0, 0, 0, 14, 4, 50
"/home/tbn/Desktop/pessoa/backend/src/models/snapshot_meta.rs", "Rust", 0, 0, 10, 0, 0, 0, 0, 0, 0, 0, 0, 0, 0, 0, 0, 0, 1, 11
"/home/tbn/Desktop/pessoa/backend/src/models/user.rs", "Rust", 0, 0, 13, 0, 0, 0, 0, 0, 0, 0, 0, 0, 0, 0, 0, 10, 1, 24
"/home/tbn/Desktop/pessoa/backend/src/models/yjs_update.rs", "Rust", 0, 0, 12, 0, 0, 0, 0, 0, 0, 0, 0, 0, 0, 0, 0, 0, 1, 13
"/home/tbn/Desktop/pessoa/backend/src/persistence_event.rs", "Rust", 0, 0, 9, 0, 0, 0, 0, 0, 0, 0, 0, 0, 0, 0, 0, 1, 1, 11
"/home/tbn/Desktop/pessoa/backend/src/script.rs", "Rust", 0, 0, 18, 0, 0, 0, 0, 0, 0, 0, 0, 0, 0, 0, 0, 11, 0, 29
"/home/tbn/Desktop/pessoa/backend/src/snapshotting_service.rs", "Rust", 0, 0, 570, 0, 0, 0, 0, 0, 0, 0, 0, 0, 0, 0, 0, 27, 63, 660
"/home/tbn/Desktop/pessoa/backend/src/test_yjs.rs", "Rust", 0, 0, 28, 0, 0, 0, 0, 0, 0, 0, 0, 0, 0, 0, 0, 5, 6, 39
"/home/tbn/Desktop/pessoa/backend/src/tests/auth.rs", "Rust", 0, 0, 129, 0, 0, 0, 0, 0, 0, 0, 0, 0, 0, 0, 0, 10, 12, 151
"/home/tbn/Desktop/pessoa/backend/src/tests/block.rs", "Rust", 0, 0, 91, 0, 0, 0, 0, 0, 0, 0, 0, 0, 0, 0, 0, 7, 3, 101
"/home/tbn/Desktop/pessoa/backend/src/tests/common.rs", "Rust", 0, 0, 35, 0, 0, 0, 0, 0, 0, 0, 0, 0, 0, 0, 0, 0, 5, 40
"/home/tbn/Desktop/pessoa/backend/src/tests/scripts.rs", "Rust", 0, 0, 87, 0, 0, 0, 0, 0, 0, 0, 0, 0, 0, 0, 0, 7, 3, 97
"/home/tbn/Desktop/pessoa/backend/src/tests/user.rs", "Rust", 0, 0, 117, 0, 0, 0, 0, 0, 0, 0, 0, 0, 0, 0, 0, 11, 13, 141
"/home/tbn/Desktop/pessoa/backend/src/tests/ws.rs", "Rust", 0, 0, 40, 0, 0, 0, 0, 0, 0, 0, 0, 0, 0, 0, 0, 5, 2, 47
"/home/tbn/Desktop/pessoa/backend/src/thumbnail.rs", "Rust", 0, 0, 191, 0, 0, 0, 0, 0, 0, 0, 0, 0, 0, 0, 0, 19, 23, 233
"/home/tbn/Desktop/pessoa/backend/src/ws.rs", "Rust", 0, 0, 204, 0, 0, 0, 0, 0, 0, 0, 0, 0, 0, 0, 0, 46, 41, 291
"/home/tbn/Desktop/pessoa/backend/tests/auth.rs", "Rust", 0, 0, 64, 0, 0, 0, 0, 0, 0, 0, 0, 0, 0, 0, 0, 5, 1, 70
"/home/tbn/Desktop/pessoa/backend/tests/block.rs", "Rust", 0, 0, 62, 0, 0, 0, 0, 0, 0, 0, 0, 0, 0, 0, 0, 5, 5, 72
"/home/tbn/Desktop/pessoa/backend/tests/edit.rs", "Rust", 0, 0, 72, 0, 0, 0, 0, 0, 0, 0, 0, 0, 0, 0, 0, 6, 5, 83
"/home/tbn/Desktop/pessoa/backend/tests/gemini_api_integration.rs", "Rust", 0, 0, 86, 0, 0, 0, 0, 0, 0, 0, 0, 0, 0, 0, 0, 23, 18, 127
"/home/tbn/Desktop/pessoa/backend/tests/mocks/mod.rs", "Rust", 0, 0, 39, 0, 0, 0, 0, 0, 0, 0, 0, 0, 0, 0, 0, 0, 4, 43
"/home/tbn/Desktop/pessoa/backend/tests/scripts.rs", "Rust", 0, 0, 50, 0, 0, 0, 0, 0, 0, 0, 0, 0, 0, 0, 0, 4, 4, 58
"/home/tbn/Desktop/pessoa/backend/tests/user.rs", "Rust", 0, 0, 53, 0, 0, 0, 0, 0, 0, 0, 0, 0, 0, 0, 0, 5, 1, 59
"/home/tbn/Desktop/pessoa/backend/tests/ws.rs", "Rust", 0, 0, 50, 0, 0, 0, 0, 0, 0, 0, 0, 0, 0, 0, 0, 8, 17, 75
"/home/tbn/Desktop/pessoa/doc-improvements/code_errors_20240628.md", "Markdown", 0, 55, 0, 0, 0, 0, 0, 0, 0, 0, 0, 0, 0, 0, 0, 0, 18, 73
"/home/tbn/Desktop/pessoa/doc/ADVANCED_README.md", "Markdown", 0, 282, 0, 0, 0, 0, 0, 0, 0, 0, 0, 0, 0, 0, 0, 0, 65, 347
"/home/tbn/Desktop/pessoa/doc/Build_rule.md", "Markdown", 0, 107, 0, 0, 0, 0, 0, 0, 0, 0, 0, 0, 0, 0, 0, 0, 20, 127
"/home/tbn/Desktop/pessoa/doc/DEPLOYMENT.md", "Markdown", 0, 45, 0, 0, 0, 0, 0, 0, 0, 0, 0, 0, 0, 0, 0, 0, 15, 60
"/home/tbn/Desktop/pessoa/doc/Grund_Idee.md", "Markdown", 0, 13, 0, 0, 0, 0, 0, 0, 0, 0, 0, 0, 0, 0, 0, 0, 12, 25
"/home/tbn/Desktop/pessoa/doc/Revie_rule.md", "Markdown", 0, 36, 0, 0, 0, 0, 0, 0, 0, 0, 0, 0, 0, 0, 0, 0, 4, 40
"/home/tbn/Desktop/pessoa/doc/YJS_PERSISTENCE_STRATEGY.md", "Markdown", 0, 192, 0, 0, 0, 0, 0, 0, 0, 0, 0, 0, 0, 0, 0, 0, 43, 235
"/home/tbn/Desktop/pessoa/doc/branch_change.md", "Markdown", 0, 58, 0, 0, 0, 0, 0, 0, 0, 0, 0, 0, 0, 0, 0, 0, 22, 80
"/home/tbn/Desktop/pessoa/doc/chat.md", "Markdown", 0, 790, 0, 0, 0, 0, 0, 0, 0, 0, 0, 0, 0, 0, 0, 0, 267, 1057
"/home/tbn/Desktop/pessoa/doc/chatlogs.md", "Markdown", 0, 397, 0, 0, 0, 0, 0, 0, 0, 0, 0, 0, 0, 0, 0, 0, 1, 398
"/home/tbn/Desktop/pessoa/doc/cleanup.md", "Markdown", 0, 105, 0, 0, 0, 0, 0, 0, 0, 0, 0, 0, 0, 0, 0, 0, 44, 149
"/home/tbn/Desktop/pessoa/doc/cleanup_plan.md", "Markdown", 0, 25, 0, 0, 0, 0, 0, 0, 0, 0, 0, 0, 0, 0, 0, 0, 5, 30
"/home/tbn/Desktop/pessoa/doc/new_rule.md", "Markdown", 0, 23, 0, 0, 0, 0, 0, 0, 0, 0, 0, 0, 0, 0, 0, 0, 6, 29
"/home/tbn/Desktop/pessoa/doc/now.md", "Markdown", 0, 1, 0, 0, 0, 0, 0, 0, 0, 0, 0, 0, 0, 0, 0, 0, 2, 3
"/home/tbn/Desktop/pessoa/doc/persistence_improvements.md", "Markdown", 0, 97, 0, 0, 0, 0, 0, 0, 0, 0, 0, 0, 0, 0, 0, 0, 35, 132
"/home/tbn/Desktop/pessoa/doc/prototype_checklist.md", "Markdown", 0, 47, 0, 0, 0, 0, 0, 0, 0, 0, 0, 0, 0, 0, 0, 0, 6, 53
"/home/tbn/Desktop/pessoa/doc/session_summary_persistence_investigation.md", "Markdown", 0, 60, 0, 0, 0, 0, 0, 0, 0, 0, 0, 0, 0, 0, 0, 0, 21, 81
"/home/tbn/Desktop/pessoa/doc/troubleshooting.md", "Markdown", 0, 18, 0, 0, 0, 0, 0, 0, 0, 0, 0, 0, 0, 0, 0, 0, 10, 28
"/home/tbn/Desktop/pessoa/docker-compose.https.yml", "YAML", 0, 0, 0, 87, 0, 0, 0, 0, 0, 0, 0, 0, 0, 0, 0, 7, 5, 99
"/home/tbn/Desktop/pessoa/docker-compose.yml", "YAML", 0, 0, 0, 84, 0, 0, 0, 0, 0, 0, 0, 0, 0, 0, 0, 6, 5, 95
"/home/tbn/Desktop/pessoa/env.exact.copy copy.md", "Markdown", 0, 38, 0, 0, 0, 0, 0, 0, 0, 0, 0, 0, 0, 0, 0, 0, 7, 45
"/home/tbn/Desktop/pessoa/env_Local.md", "Markdown", 0, 38, 0, 0, 0, 0, 0, 0, 0, 0, 0, 0, 0, 0, 0, 0, 7, 45
"/home/tbn/Desktop/pessoa/frontend/.dockerignore", "Ignore", 0, 0, 0, 0, 0, 0, 0, 0, 0, 6, 0, 0, 0, 0, 0, 5, 4, 15
"/home/tbn/Desktop/pessoa/frontend/Dockerfile", "Docker", 0, 0, 0, 0, 0, 0, 18, 0, 0, 0, 0, 0, 0, 0, 0, 11, 11, 40
"/home/tbn/Desktop/pessoa/frontend/README.md", "Markdown", 0, 45, 0, 0, 0, 0, 0, 0, 0, 0, 0, 0, 0, 0, 0, 0, 10, 55
"/home/tbn/Desktop/pessoa/frontend/eslint.config.js", "JavaScript", 0, 0, 0, 0, 0, 0, 0, 0, 0, 0, 0, 0, 0, 27, 0, 0, 2, 29
"/home/tbn/Desktop/pessoa/frontend/index.html", "HTML", 0, 0, 0, 0, 0, 0, 0, 13, 0, 0, 0, 0, 0, 0, 0, 0, 1, 14
"/home/tbn/Desktop/pessoa/frontend/jest.config.cjs", "JavaScript", 0, 0, 0, 0, 0, 0, 0, 0, 0, 0, 0, 0, 0, 15, 0, 0, 0, 15
"/home/tbn/Desktop/pessoa/frontend/junit.xml", "XML", 0, 0, 0, 0, 3, 0, 0, 0, 0, 0, 0, 0, 0, 0, 0, 0, 0, 3
"/home/tbn/Desktop/pessoa/frontend/migrations/20250628204208_add_sharing_to_scripts.sql", "MS SQL", 0, 0, 0, 0, 0, 0, 0, 0, 0, 0, 0, 0, 0, 0, 0, 1, 1, 2
"/home/tbn/Desktop/pessoa/frontend/nginx-https.conf", "Properties", 0, 0, 0, 0, 0, 0, 0, 0, 0, 0, 65, 0, 0, 0, 0, 11, 9, 85
"/home/tbn/Desktop/pessoa/frontend/nginx.conf", "Properties", 0, 0, 0, 0, 0, 0, 0, 0, 0, 0, 27, 0, 0, 0, 0, 11, 5, 43
"/home/tbn/Desktop/pessoa/frontend/package.json", "JSON", 58, 0, 0, 0, 0, 0, 0, 0, 0, 0, 0, 0, 0, 0, 0, 0, 1, 59
"/home/tbn/Desktop/pessoa/frontend/public/vite.svg", "XML", 0, 0, 0, 0, 1, 0, 0, 0, 0, 0, 0, 0, 0, 0, 0, 0, 0, 1
"/home/tbn/Desktop/pessoa/frontend/src/App.css", "CSS", 0, 0, 0, 0, 0, 0, 0, 0, 0, 0, 0, 0, 44, 0, 0, 0, 7, 51
"/home/tbn/Desktop/pessoa/frontend/src/App.tsx", "TypeScript JSX", 0, 0, 0, 0, 0, 0, 0, 0, 0, 0, 0, 163, 0, 0, 0, 49, 23, 235
"/home/tbn/Desktop/pessoa/frontend/src/AuthContext.tsx", "TypeScript JSX", 0, 0, 0, 0, 0, 0, 0, 0, 0, 0, 0, 116, 0, 0, 0, 53, 22, 191
"/home/tbn/Desktop/pessoa/frontend/src/api.test.ts", "TypeScript", 0, 0, 0, 0, 0, 23, 0, 0, 0, 0, 0, 0, 0, 0, 0, 0, 6, 29
"/home/tbn/Desktop/pessoa/frontend/src/api.ts", "TypeScript", 0, 0, 0, 0, 0, 330, 0, 0, 0, 0, 0, 0, 0, 0, 0, 175, 61, 566
"/home/tbn/Desktop/pessoa/frontend/src/assets/react.svg", "XML", 0, 0, 0, 0, 1, 0, 0, 0, 0, 0, 0, 0, 0, 0, 0, 0, 0, 1
"/home/tbn/Desktop/pessoa/frontend/src/components/App.test.tsx", "TypeScript JSX", 0, 0, 0, 0, 0, 0, 0, 0, 0, 0, 0, 9, 0, 0, 0, 0, 1, 10
"/home/tbn/Desktop/pessoa/frontend/src/components/Auth.module.css", "CSS", 0, 0, 0, 0, 0, 0, 0, 0, 0, 0, 0, 0, 150, 0, 0, 5, 23, 178
"/home/tbn/Desktop/pessoa/frontend/src/components/Breadcrumb.module.css", "CSS", 0, 0, 0, 0, 0, 0, 0, 0, 0, 0, 0, 0, 46, 0, 0, 0, 5, 51
"/home/tbn/Desktop/pessoa/frontend/src/components/Breadcrumb.tsx", "TypeScript JSX", 0, 0, 0, 0, 0, 0, 0, 0, 0, 0, 0, 37, 0, 0, 0, 0, 4, 41
"/home/tbn/Desktop/pessoa/frontend/src/components/Editor.module.css", "CSS", 0, 0, 0, 0, 0, 0, 0, 0, 0, 0, 0, 0, 627, 0, 0, 42, 100, 769
"/home/tbn/Desktop/pessoa/frontend/src/components/Editor.tsx", "TypeScript JSX", 0, 0, 0, 0, 0, 0, 0, 0, 0, 0, 0, 998, 0, 0, 0, 153, 135, 1286
"/home/tbn/Desktop/pessoa/frontend/src/components/Header.module.css", "CSS", 0, 0, 0, 0, 0, 0, 0, 0, 0, 0, 0, 0, 119, 0, 0, 2, 16, 137
"/home/tbn/Desktop/pessoa/frontend/src/components/Header.tsx", "TypeScript JSX", 0, 0, 0, 0, 0, 0, 0, 0, 0, 0, 0, 170, 0, 0, 0, 16, 31, 217
"/home/tbn/Desktop/pessoa/frontend/src/components/Login.tsx", "TypeScript JSX", 0, 0, 0, 0, 0, 0, 0, 0, 0, 0, 0, 90, 0, 0, 0, 19, 11, 120
"/home/tbn/Desktop/pessoa/frontend/src/components/MobileDebug.module.css", "CSS", 0, 0, 0, 0, 0, 0, 0, 0, 0, 0, 0, 0, 137, 0, 0, 1, 23, 161
"/home/tbn/Desktop/pessoa/frontend/src/components/MobileDebug.tsx", "TypeScript JSX", 0, 0, 0, 0, 0, 0, 0, 0, 0, 0, 0, 119, 0, 0, 0, 1, 11, 131
"/home/tbn/Desktop/pessoa/frontend/src/components/Register.tsx", "TypeScript JSX", 0, 0, 0, 0, 0, 0, 0, 0, 0, 0, 0, 104, 0, 0, 0, 19, 9, 132
"/home/tbn/Desktop/pessoa/frontend/src/components/ScriptList.module.css", "CSS", 0, 0, 0, 0, 0, 0, 0, 0, 0, 0, 0, 0, 586, 0, 0, 17, 92, 695
"/home/tbn/Desktop/pessoa/frontend/src/components/ScriptList.tsx", "TypeScript JSX", 0, 0, 0, 0, 0, 0, 0, 0, 0, 0, 0, 482, 0, 0, 0, 37, 54, 573
"/home/tbn/Desktop/pessoa/frontend/src/components/ScriptUploader.module.css", "CSS", 0, 0, 0, 0, 0, 0, 0, 0, 0, 0, 0, 0, 35, 0, 0, 0, 3, 38
"/home/tbn/Desktop/pessoa/frontend/src/components/ScriptUploader.tsx", "TypeScript JSX", 0, 0, 0, 0, 0, 0, 0, 0, 0, 0, 0, 99, 0, 0, 0, 4, 18, 121
"/home/tbn/Desktop/pessoa/frontend/src/components/SpeakerNameExtension.ts", "TypeScript", 0, 0, 0, 0, 0, 50, 0, 0, 0, 0, 0, 0, 0, 0, 0, 5, 9, 64
"/home/tbn/Desktop/pessoa/frontend/src/index.css", "CSS", 0, 0, 0, 0, 0, 0, 0, 0, 0, 0, 0, 0, 82, 0, 0, 3, 11, 96
"/home/tbn/Desktop/pessoa/frontend/src/main.tsx", "TypeScript JSX", 0, 0, 0, 0, 0, 0, 0, 0, 0, 0, 0, 12, 0, 0, 0, 6, 2, 20
"/home/tbn/Desktop/pessoa/frontend/src/test/auth.test.ts", "TypeScript", 0, 0, 0, 0, 0, 28, 0, 0, 0, 0, 0, 0, 0, 0, 0, 1, 4, 33
"/home/tbn/Desktop/pessoa/frontend/src/test/mocks/api.ts", "TypeScript", 0, 0, 0, 0, 0, 33, 0, 0, 0, 0, 0, 0, 0, 0, 0, 0, 5, 38
"/home/tbn/Desktop/pessoa/frontend/src/test/mocks/data.ts", "TypeScript", 0, 0, 0, 0, 0, 30, 0, 0, 0, 0, 0, 0, 0, 0, 0, 0, 2, 32
"/home/tbn/Desktop/pessoa/frontend/src/test/mocks/websocket.ts", "TypeScript", 0, 0, 0, 0, 0, 37, 0, 0, 0, 0, 0, 0, 0, 0, 0, 1, 7, 45
"/home/tbn/Desktop/pessoa/frontend/src/test/scripts.test.ts", "TypeScript", 0, 0, 0, 0, 0, 41, 0, 0, 0, 0, 0, 0, 0, 0, 0, 2, 8, 51
"/home/tbn/Desktop/pessoa/frontend/src/test/setup.ts", "TypeScript", 0, 0, 0, 0, 0, 15, 0, 0, 0, 0, 0, 0, 0, 0, 0, 4, 4, 23
"/home/tbn/Desktop/pessoa/frontend/src/test/websocket.test.ts", "TypeScript", 0, 0, 0, 0, 0, 74, 0, 0, 0, 0, 0, 0, 0, 0, 0, 4, 8, 86
"/home/tbn/Desktop/pessoa/frontend/src/types.ts", "TypeScript", 0, 0, 0, 0, 0, 102, 0, 0, 0, 0, 0, 0, 0, 0, 0, 82, 12, 196
"/home/tbn/Desktop/pessoa/frontend/src/utils/debug.ts", "TypeScript", 0, 0, 0, 0, 0, 120, 0, 0, 0, 0, 0, 0, 0, 0, 0, 6, 16, 142
"/home/tbn/Desktop/pessoa/frontend/src/vite-env.d.ts", "TypeScript", 0, 0, 0, 0, 0, 7, 0, 0, 0, 0, 0, 0, 0, 0, 0, 2, 3, 12
"/home/tbn/Desktop/pessoa/frontend/tsconfig.app.json", "JSON", 22, 0, 0, 0, 0, 0, 0, 0, 0, 0, 0, 0, 0, 0, 0, 2, 3, 27
"/home/tbn/Desktop/pessoa/frontend/tsconfig.json", "JSON with Comments", 0, 0, 0, 0, 0, 0, 0, 0, 0, 0, 0, 0, 0, 0, 7, 0, 1, 8
"/home/tbn/Desktop/pessoa/frontend/tsconfig.node.json", "JSON", 20, 0, 0, 0, 0, 0, 0, 0, 0, 0, 0, 0, 0, 0, 0, 2, 3, 25
"/home/tbn/Desktop/pessoa/frontend/vite.config.ts", "TypeScript", 0, 0, 0, 0, 0, 15, 0, 0, 0, 0, 0, 0, 0, 0, 0, 1, 2, 18
"/home/tbn/Desktop/pessoa/frontend/vitest.config.ts", "TypeScript", 0, 0, 0, 0, 0, 10, 0, 0, 0, 0, 0, 0, 0, 0, 0, 0, 1, 11
"/home/tbn/Desktop/pessoa/gemini_test/gemini_response.json", "JSON", 1, 0, 0, 0, 0, 0, 0, 0, 0, 0, 0, 0, 0, 0, 0, 0, 0, 1
"/home/tbn/Desktop/pessoa/gemini_test/gemini_response_summary.md", "Markdown", 0, 75, 0, 0, 0, 0, 0, 0, 0, 0, 0, 0, 0, 0, 0, 0, 14, 89
"/home/tbn/Desktop/pessoa/gemini_test/src/main.rs", "Rust", 0, 0, 0, 0, 0, 0, 0, 0, 0, 0, 0, 0, 0, 0, 0, 0, 2, 2
"/home/tbn/Desktop/pessoa/package-lock.json", "JSON", 428, 0, 0, 0, 0, 0, 0, 0, 0, 0, 0, 0, 0, 0, 0, 0, 1, 429
"/home/tbn/Desktop/pessoa/package.json", "JSON", 13, 0, 0, 0, 0, 0, 0, 0, 0, 0, 0, 0, 0, 0, 0, 0, 1, 14
"/home/tbn/Desktop/pessoa/prompt/Doc_prompt.md", "Markdown", 0, 8, 0, 0, 0, 0, 0, 0, 0, 0, 0, 0, 0, 0, 0, 0, 2, 10
"/home/tbn/Desktop/pessoa/prompt/FEATURES.md", "Markdown", 0, 40, 0, 0, 0, 0, 0, 0, 0, 0, 0, 0, 0, 0, 0, 0, 8, 48
"/home/tbn/Desktop/pessoa/prompt/SYSTEM_PROMPT.md", "Markdown", 0, 82, 0, 0, 0, 0, 0, 0, 0, 0, 0, 0, 0, 0, 0, 0, 20, 102
"/home/tbn/Desktop/pessoa/prompt/Test_prompt.md", "Markdown", 0, 24, 0, 0, 0, 0, 0, 0, 0, 0, 0, 0, 0, 0, 0, 0, 2, 26
"/home/tbn/Desktop/pessoa/src/main.rs", "Rust", 0, 0, 140, 0, 0, 0, 0, 0, 0, 0, 0, 0, 0, 0, 0, 12, 29, 181
"Total", "-", 2163, 3087, 4492, 171, 5, 915, 85, 13, 127, 9, 92, 2399, 1826, 42, 7, 1934, 2299, 19666